{
  "source": "bigvul",
  "sample_count": 410,
  "accuracy": 0.2658536585365854,
  "macro_precision": 0.10948217317487266,
  "macro_recall": 0.14150187469762943,
  "macro_f1": 0.11015655565535268,
  "weighted_f1": 0.1873987511132833
}