{
  "accuracy": 0.9603986023036107,
  "macro_precision": 0.8853732050927465,
  "macro_recall": 0.825924773363998,
  "macro_f1": 0.83096083191407,
  "weighted_f1": 0.959408108499956
}