{
  "accuracy": 0.9423204237007613,
  "macro_precision": 0.6582275668632219,
  "macro_recall": 0.6341880732228192,
  "macro_f1": 0.6376314537042375,
  "weighted_f1": 0.9425115498037914
}