{
  "accuracy": 0.9974606851695104,
  "macro_precision": 0.9529706933640137,
  "macro_recall": 0.9529789781574148,
  "macro_f1": 0.9529548947274965,
  "weighted_f1": 0.9974245576681727
}