{
  "source": "juliet",
  "sample_count": 7248,
  "accuracy": 0.9997240618101545,
  "macro_precision": 0.9472806397750517,
  "macro_recall": 0.9472154222766218,
  "macro_f1": 0.9472479008906433,
  "weighted_f1": 0.9996550344008641
}