{
  "source": "juliet",
  "sample_count": 22447,
  "accuracy": 0.998039827148394,
  "macro_precision": 0.9871057760774282,
  "macro_recall": 0.9875778002963468,
  "macro_f1": 0.9873277664912313,
  "weighted_f1": 0.9980230275152921
}