{
  "accuracy": 0.9436031115524661,
  "macro_precision": 0.6461774587408705,
  "macro_recall": 0.6302406650568597,
  "macro_f1": 0.6311560651310456,
  "weighted_f1": 0.9432492571687886
}