{
  "accuracy": 0.2810111699000588,
  "macro_precision": 0.05969120839631779,
  "macro_recall": 0.050871401665181434,
  "macro_f1": 0.04616712384956775,
  "weighted_f1": 0.2452249670837907
}