{
  "accuracy": 0.9418238993710691,
  "macro_precision": 0.642703003708752,
  "macro_recall": 0.630240177225306,
  "macro_f1": 0.6292346639136362,
  "weighted_f1": 0.9417632723553968
}