{
  "source": "juliet",
  "sample_count": 7248,
  "accuracy": 0.9995860927152318,
  "macro_precision": 0.9297509508035824,
  "macro_recall": 0.9470624235006121,
  "macro_f1": 0.9366518293706304,
  "weighted_f1": 0.999530599384405
}