{
  "accuracy": 0.9567749449980587,
  "macro_precision": 0.8322916525481733,
  "macro_recall": 0.8061884516628036,
  "macro_f1": 0.8010903324628224,
  "weighted_f1": 0.9576394622054152
}