{
  "accuracy": 0.9591044389801993,
  "macro_precision": 0.8471838953508896,
  "macro_recall": 0.8122456537235317,
  "macro_f1": 0.8171166762299577,
  "weighted_f1": 0.9585335804937686
}