{
  "accuracy": 0.9435203574975174,
  "macro_precision": 0.6357728708848065,
  "macro_recall": 0.6269636589453993,
  "macro_f1": 0.621861921680292,
  "weighted_f1": 0.9436862621197567
}