{
  "source": "juliet",
  "sample_count": 22447,
  "accuracy": 0.9979061789994209,
  "macro_precision": 0.9641685071465634,
  "macro_recall": 0.9646626935014395,
  "macro_f1": 0.9643893118641202,
  "weighted_f1": 0.9979843383455785
}