{
  "accuracy": 0.9408308507116848,
  "macro_precision": 0.6189843993016821,
  "macro_recall": 0.6174582399951757,
  "macro_f1": 0.6142256411833625,
  "weighted_f1": 0.9416122926170506
}