{
  "accuracy": 0.9982180246803581,
  "macro_precision": 0.9996868050988129,
  "macro_recall": 0.9989768110386595,
  "macro_f1": 0.9993266158561057,
  "weighted_f1": 0.9982263262592822
}