{
  "accuracy": 0.9436444885799404,
  "macro_precision": 0.6140198743218487,
  "macro_recall": 0.6067882365819282,
  "macro_f1": 0.6044559211510373,
  "weighted_f1": 0.9433348929156915
}