{
  "accuracy": 0.9972379382545552,
  "macro_precision": 0.9349222606383145,
  "macro_recall": 0.9409744590633977,
  "macro_f1": 0.9369636626953873,
  "weighted_f1": 0.9970863398759516
}