{
  "accuracy": 0.9973715864035283,
  "macro_precision": 0.9477412393848846,
  "macro_recall": 0.9527719594627547,
  "macro_f1": 0.9492923337054486,
  "weighted_f1": 0.9972463235807938
}