{
  "accuracy": 0.9976834320844656,
  "macro_precision": 0.9308755573994604,
  "macro_recall": 0.9418374992904539,
  "macro_f1": 0.9344517587995141,
  "weighted_f1": 0.9976026799727397
}