{
  "accuracy": 0.9434789804700431,
  "macro_precision": 0.5970454774412416,
  "macro_recall": 0.5920298340804994,
  "macro_f1": 0.5901458413882308,
  "weighted_f1": 0.9416261468752105
}