{
  "source": "juliet",
  "sample_count": 22447,
  "accuracy": 0.9959905555308058,
  "macro_precision": 0.9345123479088153,
  "macro_recall": 0.9395379880350859,
  "macro_f1": 0.9360035710981316,
  "weighted_f1": 0.9958711401853687
}