{
  "source": "juliet",
  "sample_count": 22447,
  "accuracy": 0.9977725308504477,
  "macro_precision": 0.9363709049193804,
  "macro_recall": 0.9419432743731572,
  "macro_f1": 0.9381888219345815,
  "weighted_f1": 0.9976923398307438
}