{
  "accuracy": 0.9421962926183383,
  "macro_precision": 0.6052510607600686,
  "macro_recall": 0.5975123452303652,
  "macro_f1": 0.597356164522944,
  "weighted_f1": 0.9416674854060929
}