{
  "accuracy": 0.997950728382412,
  "macro_precision": 0.9532940594249385,
  "macro_recall": 0.9533548628302504,
  "macro_f1": 0.9533071887626356,
  "weighted_f1": 0.9979197851691951
}