{
  "accuracy": 0.9614339329623398,
  "macro_precision": 0.8293635301981501,
  "macro_recall": 0.827132460177792,
  "macro_f1": 0.8239446711742582,
  "weighted_f1": 0.9613452058359471
}